name,surname,username,email
Ananda,Sithong,ananda45,ananda45@example.com
Ananda,Srisai,ananda65,ananda65@example.com
Sunisa,Suksom,sunisa22,sunisa22@example.com
Somsak,Raksapol,somsak90,somsak90@example.com
Ratana,Lertrat,ratana42,ratana42@example.com
Arthit,Saetang,arthit42,arthit42@example.com
Santi,Panyadee,santi98,santi98@example.com
Kitti,Suksom,kitti42,kitti42@example.com
Ananda,Khowdee,ananda60,ananda60@example.com
Wichai,Meekul,wichai41,wichai41@example.com
Somsak,Jaidee,somsak24,somsak24@example.com
Ubon,Saetang,ubon93,ubon93@example.com
Kanya,Klangna,kanya64,kanya64@example.com
Malee,Khowdee,malee42,malee42@example.com
Pranee,Kaewmanee,pranee99,pranee99@example.com
Ratana,Panyadee,ratana42,ratana42@example.com
Ratana,Meechai,ratana86,ratana86@example.com
Sunisa,Chaiyo,sunisa81,sunisa81@example.com
Pranee,Saetang,pranee60,pranee60@example.com
Santi,Suriya,santi59,santi59@example.com
Malee,Wangdee,malee78,malee78@example.com
Malee,Panyadee,malee58,malee58@example.com
Kanya,Jaidee,kanya82,kanya82@example.com
Surachai,Bunmee,surachai77,surachai77@example.com
Kitti,Wangdee,kitti49,kitti49@example.com
Preecha,Chaiyo,preecha36,preecha36@example.com
Piyaporn,Promdee,piyaporn15,piyaporn15@example.com
Siriporn,Saetang,siriporn71,siriporn71@example.com
Wichai,Suksom,wichai16,wichai16@example.com
Kanya,Lertrat,kanya54,kanya54@example.com
Wichai,Panyadee,wichai52,wichai52@example.com
Jitratda,Srisai,jitratda91,jitratda91@example.com
Kanya,Sithong,kanya69,kanya69@example.com
Piyaporn,Suriya,piyaporn83,piyaporn83@example.com
Sunisa,Suksom,sunisa74,sunisa74@example.com
Nattapol,Wangdee,nattapol47,nattapol47@example.com
Preecha,Sithong,preecha79,preecha79@example.com
Arthit,Suksom,arthit88,arthit88@example.com
Wandee,Srisai,wandee52,wandee52@example.com
Somchai,Srisai,somchai27,somchai27@example.com
Wichai,Panyadee,wichai51,wichai51@example.com
Surachai,Bunmee,surachai91,surachai91@example.com
Arthit,Jaidee,arthit77,arthit77@example.com
Surachai,Meechai,surachai32,surachai32@example.com
Santi,Srisai,santi24,santi24@example.com
Santi,Promdee,santi86,santi86@example.com
Malee,Wangdee,malee49,malee49@example.com
Pranee,Panyadee,pranee80,pranee80@example.com
Santi,Srisai,santi35,santi35@example.com
Kanya,Kaewmanee,kanya84,kanya84@example.com
